epoch,iteration,model_id,nid,weight_index,arg_1,op_1,arg_2,op_2,arg_3,op_3,result
1,1,TestBatch,0,0,1.0,*,219688.8289202997,=,219688.8289202997, ,219688.8289202997
1,1,TestBatch,0,1,35.43383567911735,*,219688.8289202997,=,7784417.864499624, ,7784417.864499624
1,1,TestBatch,0,2,2.05612820547311,*,219688.8289202997,=,451708.3975703849, ,451708.3975703849
