Col_0,Col_1,Col_2,Col_3,Col_4,Col_5,Col_6,Col_7,Col_8,Col_9
"('TestBatch', 0.41, 22, 0, 33, 0.0, 237594.18594397267, 272134.5139713349, '0: [-1985996780.2104957, -346041093.7730858]\n1: [-1990975645.5335767, -346915299.07248753]\n2: [-19122.04239780149, -19146.156142751483]', '0: -76542982.8159604\n1: -76735905.9458326\n2: 19145.5559207662')"
